premise,hypothesis,label,confidence,variability,correctness,forgetfulness,category
"""Была установлена личность подозреваемого - 27-летнего мужчины. По словам задержанного, он был давно влюблен в жену убитого и различными способами добивался ее внимания. """"Так как женщина не хотела с ним общаться, он решил похитить ее мужа"""", - говорится в сообщении.""",27-летний мужчина похищен.,not_entailment,0.12745778236005986,0.15052685637520644,0.0,0.0,hard-to-learn
"Это предполагает законопроект о фонде субсидирования предприятий, которые создают новые рабочие места, рассмотренный комиссией по сельскому хозяйству и пищевой промышленности и предложенный парламенту.","Парламент рассмотрел законопроект о фонде субсидирования предприятий, которые создают новые рабочие места.",not_entailment,0.13888674601912498,0.12833441960054842,0.0,0.0,hard-to-learn
"Подробности случившегося не сообщаются. Известно, что о произошедшем в полицию сообщила мать девочки, правда, пришла она в отделение на неделю позже. Она рассказала, что преступник каким-то образом проник к ним в дом и совершил надругательство над дочерью.",Подробности случившегося полиция не знает.,not_entailment,0.14035301149955817,0.1497420273041629,0.0,0.0,hard-to-learn
"На вопрос классного руководителя о причинах их появления мальчик ответил, что подрался со старшим братом.",У мальчика были синяки или ссадины.,entailment,0.15083035800073827,0.1344934897995741,0.0,0.0,hard-to-learn
"Свои поступки женщина объяснила тем, что муж бросил бы ее, если бы она родила ему много детей. К 2006 г. в семье уже росли два ребенка. Личность осужденной сохранена в тайне, поскольку разглашение этой информации противоречит немецкой системе правосудия.",Муж не любил много детей.,entailment,0.15268458692090853,0.13376348608539293,0.0,0.0,hard-to-learn
"Специалисты трудовой инспекции провели внеплановую проверку на заводе и выяснили, что предприятие действительно имеет большие долги по зарплате.",Завод не полностью выплатил зарплату.,entailment,0.16969512136919157,0.11837204066285646,0.0,0.0,hard-to-learn
"Отец вышел на балкон и дверь внезапно захлопнулась. Благо, телефон мужчина взял с собой. Он вызвал спасателей, которые благополучно попали в квартиру и освободили родителя, а также успокоили перепуганного четырехлетнего мальчика.",Малыш остался дома один.,entailment,0.18395676144531795,0.12003866039624463,0.0,0.0,hard-to-learn
"""По словам Охлобыстина, он не знал, что среди людей, называющих себя организаторами """"Русского марша"""", есть разногласия. """"Я был дезинформирован, основывался на сообщениях прессы и своих подписчиков в Твиттере и не знал, что организаторов """"Русского марша"""" несколько и что между ними есть разногласия. Это очень плохо, потому что здравые патриотические силы должны работать на объединение, а не заниматься ссорами внутри себя"""".""",Охлобыстин осуждает ссоры между патриотами.,entailment,0.19092566147446632,0.16373280805330467,0.0,0.0,hard-to-learn
"Он сообщил, что после митинга были задержаны, как минимум, четыре человека. Среди них член КПРФ и помощник депутата Госдумы. Как сообщили агентству в пресс-службе правительства Самарской области, уведомление, поданное организаторами митинга, не было рассмотрено, так как было составлено с ошибками.",Митинг завершился.,entailment,0.19259356494460786,0.11061385930722,0.0,0.0,hard-to-learn
"Получить деньги он не успел, был задержан.",Он так и не подержал в руках деньги.,entailment,0.21465995907783508,0.09497918920913001,0.0,0.0,hard-to-learn
"Доктора пытались реанимировать мальчика, но полученные им травмы оказались несовместимыми с жизнью.",Мальчик не выжил.,entailment,0.2194672269480569,0.1049381610652451,0.0,0.0,hard-to-learn
"Сделал он это на лестничной клетке в доме, в котором он проживает.",Он проживает в многоквартирном доме.,entailment,0.22225704789161682,0.09860261419083022,0.0,0.0,hard-to-learn
"Если первый блин вышел комом, то второй точно удался.",Кто-то точно совершил как минимум две попытки.,entailment,0.22467478471142904,0.0997645825346147,0.0,0.0,hard-to-learn
"Мужчина быстро собрался, однако в сгустившемся уж мраке не смог сориентироваться и в итоге заблудился в густых зарослях камыша.",Мужчина плохо ориентировался во мраке.,entailment,0.22762329024927958,0.09100850584957372,0.0,0.0,hard-to-learn
"Искренне разделяем Вашу боль и передаем слова сочувствия и поддержки Вам и Вашим родным. Примите наши искренние соболезнования. В эту горькую минуту разделяем Ваше горе, скорбим вместе с Вами.",Кто-то умер.,entailment,0.2295574987573283,0.15142575368556926,0.0,0.0,hard-to-learn
"Аргументом данного решения стало то, что мэр не может выдавать подобные распоряжения. Согласно распоряжению мэра, должно было быть приобретено до 50 единиц, но денег хватало только на 30. Эти автобусы нужно было купить еще несколько лет назад. Так как у всех автобусов, имеющихся в наличии, истек срок эксплуатации.",В городе эксплуатировались только просроченные автобусы.,entailment,0.2336642869881221,0.08796723857817233,0.0,0.0,hard-to-learn
"Со страницы его друга в социальной сети пришло сообщение с просьбой перевести пять тысяч рублей. Отзывчивый приятель выполнил просьбу, а потом перезвонил, чтобы поинтересоваться, как дела у попавшего в беду. Тот заверил, что понятия не имеет, о каких деньгах идёт речь.",Отзывчивый приятель лишился денег.,entailment,0.23831626240696227,0.12937526606996863,0.0,0.0,hard-to-learn
"""По мнению министра, """"говорить о том, что мы прямо сейчас продали им что-то новенькое, и это новенькое используется против демонстрантов, просто нечестно"""". Он также подчеркнул, что Россия поставляет вооружение по контрактам, которые не являются секретом и предполагают покупку Сирией, прежде всего, противовоздушных оборонительных средств, """"которые могут потребоваться только в случае внешней агрессии против сирийского государства"""". """"Мы оправдываться не собираемся, потому что мы ничего не нарушали"""".""",Военные контракты предполагают поставку из России в Сирию противовоздушных оборонительных средств.,entailment,0.2516366360442979,0.18517831441722638,1.0,1.0,ambiguous
"Отметил День защитника отечества, называется.",День защитника отечества не вызвал приятных эмоций.,entailment,0.2635599651506969,0.08955963378365801,0.0,0.0,hard-to-learn
"""Правозащитники предлагают сократить область применения в России понятия """"экстремистская деятельность"""" и отказаться от списка запрещенной экстремистской литературы. """"Должно быть резко сокращено применение понятия """"экстремистская деятельность"""", кроме случаев самих насильственных преступлений, призывов к насильственным преступлениям, либо организованной деятельности, связанной с насильственными преступлениями"""", - заявил на пресс-конференции в центральном офисе """"Интерфакса"""" в среду директор информационно-аналитического центра """"Сова"""" Александр Верховский. Он также предложил отказаться от федерального списка запрещенных экстремистских материалов, так как он, по мнению правозащитника, """"не работает"""".""","""Правозащитники недовольны слишком широкой областью применения в России понятия """"экстремистская деятельность"""". """,entailment,0.27088177310568945,0.13205193389213585,0.0,0.0,hard-to-learn
"После этого преступник скрылся, а женщина вызвала полицию.",Женщина обратилась за помощью в полицию.,entailment,0.2759310156106949,0.1315016598792934,1.0,1.0,hard-to-learn
"Сотни военнослужащих из Катара принимали участие в военных операциях на стороне ливийских оппозиционеров, сообщил в среду журналистам командующий Генеральным штабом катарских Вооруженных сил Хамад бен Али Аттыйя. По его словам, оппозиционеры нуждались в такой поддержке, поскольку большинство из них составляли гражданские люди, никогда не имевшие дело с военной наукой.",Сотни военослужащих Катара воевали за ливийских оппозиционеров.,entailment,0.27888489088841845,0.18438507135213444,1.0,1.0,ambiguous
"Он сделал это только после того, как его лишили водительских прав, сообщает пресс-служба краевого управления Федеральной службы судебных приставов.",Он всё-таки сделал это.,entailment,0.2815871983766556,0.08568522965992825,0.0,0.0,hard-to-learn
"У троих участников драки диагностированы различные травмы. Что интересно, в полиции все они заявили, что претензий друг к другу не имеют.",Участники драки остались довольны друг другом.,entailment,0.2886383278029306,0.13708130311170486,1.0,0.0,hard-to-learn
"Министр по вопросам Brexit Дэвид Дэвис призвал коллег-депутатов не вставлять палки в колеса премьер-министру и закончить рассмотрение как можно более оперативно, чтобы начать переговоры до конца марта этого года, передает ТАСС.",По вопросам Brexit есть отдельный специальный министр.,entailment,0.29969947252954754,0.06988394256276796,0.0,0.0,hard-to-learn
"""""""Википедия"""" пишет, что это был период избирательной президентской кампании в России, а Макфол тогда занимался изучением избирательных технологий. Как писал один из коллег Макфола, он поначалу хотел отклонить приглашение Коржакова, который в то время входил в предвыборный штаб Ельцина. Однако приятель посоветовал ему принять приглашение, поскольку последствия отказа были бы намного хуже.""",Коржаков входил в предвыборный штаб Макфола.,not_entailment,0.31834067830017637,0.10306808872897807,1.0,1.0,hard-to-learn
"Он рассказал, что договорился с так называемым генеральным директором строительной фирмы о выполнении ряда работ. Клиент заявил, что строители должны были пробурить у него на участке скважину и построить дом. Однако получив деньги, представитель фирмы перестал отвечать на звонки и больше не появлялся.",После получения денег представитель фирмы исчез.,entailment,0.32647972447531565,0.10667142284907671,0.0,0.0,hard-to-learn
"Сегодня к экономии средств активно подключаются муниципальные образования, поскольку имеется республиканская поддержка.",Экономией средств занимается все больше территорий.,entailment,0.3615182191133499,0.11462318318162729,1.0,0.0,hard-to-learn
"Приехавшие на место стражи порядка выяснили, что женщина пригласила своего знакомого помочь ей по хозяйству. Мужчина пришел и в какой-то момент остался один - хозяйка вышла в соседнюю комнату. Гость в этом доме бывал не раз и даже знал, где пенсионерка хранит свои сбережения.",Хозяйка была на пенсии.,entailment,0.3739824380193438,0.03523278599319254,0.0,0.0,hard-to-learn
"Преступник ударил в живот сначала одну сестру, потом вторую, после чего зачем-то повел младшую в неизвестном направлении. На улице девушка стала говорить, что ей плохо. Тогда парень разбил окно в одном из домов, затащил ее туда, но, услышав, что кто-то идет, сбежал.",На улице девушке стало плохо.,not_entailment,0.37609635506357464,0.08413337108907577,1.0,1.0,hard-to-learn
"""По словам марксистов, они продолжат атаки против властей, поскольку те """"нарушают право турецких граждан на свободу мысли и совести"""".""",Марксисты уже организовывали атаки против властей.,entailment,0.37752997662339893,0.14214733618278488,1.0,0.0,hard-to-learn
"В продуктовом магазине на улице Суворова продают подозрительно дешевый алкоголь. Силовики провели контрольную закупку и выяснили, что алкоголь в павильоне продавали без специальной лицензии.",Дешевый алкоголь оказался нелицензированным.,entailment,0.38356915967805044,0.21931151547958674,1.0,0.0,ambiguous
"26 июня прошлого года обвиняемый вломился в дом к 59-летнему соседу в селе Виняево Арзамасского района и жестоко избил его до полусмерти. Мужчина не смог оправиться от травм и через месяц скончался в больнице. В октябре злоумышленник был задержан. Он признал свою вину лишь частично и рассказал, что конфликт с соседом произошел из-за щенка.",В результате конфликта двух соседей остался в живых только один.,entailment,0.38518661686352323,0.045183299778505916,0.0,0.0,hard-to-learn
"Как считают следователи, в течение трех лет она специально указывала в налоговой декларации цифры, которые были значительно ниже реальных.",Три года она фальсифицировала налоговые декларации.,entailment,0.4019426277705601,0.18790958275674705,2.0,0.0,ambiguous
"Губернатор осмотрел дома, куда заселят работников.",Губернатор осмотрел работников.,not_entailment,0.40381127489464624,0.25065582362987054,2.0,0.0,ambiguous
"Мужчина сообщил, что к краже может быть причастна его собственная дочь, у которой был доступ к ключам от сейфа.",К краже причастна дочь мужчины.,not_entailment,0.41428620900426594,0.32557066694766235,3.0,1.0,ambiguous
"Мужчина был пьяный, и ему взбрело в голову дать сыну попробовать пенного. Мать была против, но она не смогла остановить мужа. Она прибежала за помощью к соседке, а та вызвала полицию.",Мужчина напоил сына пивом.,entailment,0.4158207518713815,0.2155989506305029,2.0,0.0,ambiguous
"Я и так всегда крайний, - ответил глава администрации. - Отношусь уже ко всему спокойно. Я на данный момент понимаю, что взял на себя большую ношу, но мы за два года сделали достаточно.",Глава администрации удовлетворен результатами двух лет работы.,entailment,0.41610102142606464,0.028628565254952328,0.0,0.0,hard-to-learn
"""""""В случае явки потерпевших на судебное заседание они будут иметь возможность задавать вопросы присяжным, выяснять интересующие их обстоятельства, заявлять ходатайства точно также в закрытом режиме, как это делалось на стадии отбора присяжных"""", - пояснила представитель Мосгорсуда. Она отметила также, что суд не мог откладывать процесс отбора коллегии присяжных до бесконечности. """"При всем уважении к чувствам потерпевших суд не мог затягивать процесс отбора присяжных, поскольку приходилось работать с десятками кандидатов"""", - заявила она, добавив, что и прежде в практике судов бывали случаи, когда по тому или иному делу проходили десятки потерпевших, и они не имели возможности участвовать в начале в стадии отбора присяжных.""",Суд мог откладывать процесс отбора коллегии присяжных до бесконечности.,not_entailment,0.43565142154693604,0.21452840240555757,2.0,0.0,ambiguous
"""Парламентское большинство не считает необходимым проводить специальное расследование в Госдуме в связи с ситуацией вокруг помощника депутата-эсера Ильи Пономарева - Леонида Развозжаева, который утверждает, что в отношении него применялись пытки после задержания. """"В нашей стране есть орган - Генеральная прокуратура, которая занимается подобными расследованиями"""", - сказал журналистам в среду руководитель фракции """"Единая Россия"""" в Госдуме Андрей Воробьев. По его словам, парламентское большинство не будет инициировать такого рода расследование, так как считает, что соответствующие ведомства в состоянии сами ответить на все вопросы, возникающие вокруг данной ситуации и дать исчерпывающую информацию.""","""Руководитель фракции """"Единая Россия"""" сказал, что парламентское большинство инициирует расследование насчет предполагаемых пыток помощника депутата после задержания.""",not_entailment,0.4468633585742542,0.277880694358403,3.0,0.0,ambiguous
"Он был уверен, что в процессе был допущен ряд процедурных нарушений.",Он был уверен в процессе.,not_entailment,0.4612164965697697,0.3329980741811861,3.0,1.0,ambiguous
"""Астахов отметил, что в ситуации разбираются вирусологи и инфекционисты. Главная задача - локализовать распространение вируса. """"Потому что уже несколько версий существует, в том числе - что это внесенный вирус, привезенный кем-то из-за границы"""".""","Это внесенный вирус, привезенный кем-то из-за границы.",not_entailment,0.473193632704871,0.10501346574338644,2.0,0.0,hard-to-learn
"""О какой именно авиабазе идет речь, собеседник агентства не уточнил. Между тем посольство РФ в Кабуле не располагает информацией о том, что опасно сблизившийся с российским авиалайнером самолет принадлежит дислоцированным в Афганистане иностранным военным. Пресс-атташе российской дипмиссии Степан Аникеев заявил, что посольство не намерено самостоятельно обращаться к афганским властям или командованию МССБ за разъяснениями относительно этого инцидента. """"Мы точно не будем этого делать, потому что это — частная компания, и это ее дело"""".""",Опасно сблизившийся с российским авиалайнером самолет принадлежит дислоцированным в Афганистане иностранным военным.,not_entailment,0.47521336163793293,0.07763582735705493,3.0,0.0,hard-to-learn
"Я сегодня первый раз вышла. Когда волна недовольства только начинала подниматься, я как-то равнодушно к этому отнеслась. Тогда муж сказал, что хочет пойти на Болотную - даже пыталась его отговорить, так как очень испугалась, что его могут замести.",Я отговорила мужа.,not_entailment,0.4813500504408564,0.27537655358170277,4.0,1.0,ambiguous
"""С ним было сложно работать, но всегда интересно"""", - добавила она. Отвечая на вопрос, какие изменения могут произойти в эти дни с уходом Кудрина с поста министра финансов, Набиуллина заявила, что """"политика и приоритеты политики определяются президентом, правительством, и мы будем их реализовывать"""". """"Но, наверное, какие-то возможны изменения, потому что уходит фигура такого масштаба"""", - сказала министр.""","Набиуллина отметила, что с уходом Кудрина изменений не будет.",not_entailment,0.4829308462462255,0.32559514691913577,3.0,0.0,ambiguous
"""Фильм """"Невинность мусульман"""", удаленный из социальной сети """"ВКонтакте"""", больше не появится на ресурсе, но там останутся ролики о нем. """"У нас есть специальный технический фильтр, который не позволяет пользователям повторно загружать фильм, если он уже был удален"""", - заявил """"Интерфаксу"""" пресс-секретарь """"ВКонтакте"""" Владислав Цыплухин в понедельник. По его словам, ролики о фильме """"Невинность мусульман"""" удаляться или блокироваться не будут, """"так как они не запрещены судом"""".""","""Фильм """"Невинность мусульман"""" и ролики о нем не запрещены судом.""",not_entailment,0.4882970537458147,0.14056239975927587,2.0,1.0,hard-to-learn
"Шествие в Москве, по словам источника, близкого к ФНПР, стартует, как и прежде, от Белорусского вокзала и увенчается митингом у мэрии Москвы с выступлениями лидеров страны.",Шествие станет венцом митинга.,not_entailment,0.49425098299980164,0.1757189505206674,3.0,1.0,ambiguous
"""По мнению С.Еничери, это противоречит принципам, сформулированным в Коране. """"Дед Мороз прибирается в дома через окна или дымоходы. Если бы он был честным человеком, то проходил бы через двери, так как у нас так принято"""", - отметил имам.""","По мнению имама, поведение Деда Мороза соответствует принципам Корана.",not_entailment,0.49976480858666555,0.27156815397853595,3.0,0.0,ambiguous
"Предприниматели продолжают устанавливать незаконные постройки, однако власти города на примере Сенной площади уже доказали, что лучше не спорить и убрать свое добро самостоятельно.",Предприниматели иногда возводят строения незаконно.,entailment,0.5008731484413147,0.26267775421501904,2.0,0.0,ambiguous
"Деньги кто-то перевел на другую карту. Сделали запрос в банк и быстро нашли мошенника. Тут и выяснилось, что пострадавший сам накликал на себя беду, когда указывал свой номер в банке.",Мошенником оказался пострадавший.,not_entailment,0.5075697877577373,0.20989774711536932,4.0,1.0,ambiguous
"Женщина успела закрыться в подсобном помещении, откуда вызвала полицию.",Женщина спряталась в подсобке.,entailment,0.5113930957657951,0.16600962028529206,2.0,1.0,hard-to-learn
"Реставраторы саратовского театра, который спустя четыре года после пожара наконец распахнул свои двери, поделились деталями своей работы.",Реставраторы рассказали о пожаре.,not_entailment,0.5116923121469361,0.3129236671744666,4.0,1.0,ambiguous
"В регионе будут колебания атмосферного давления, которые спровоцируют головные боли и боли в области сердца.",Метеозависимым в регионе придется несладко.,entailment,0.5120968988963536,0.2485901273526715,2.0,0.0,ambiguous
"Трое молодых людей, из числа ранее судимых, совершили 23 кражи из гаражей и дачных участков. Вначале, они при помощи топора разобрали крышу пристроя к магазину поселка Железнодорожный, проникли на склад продуктов и собрались вынести бутылки с пивом и подсолнечным маслом, несколько пачек пряников, печенье, вермишель и наборы карамели. Однако увести награбленное они не смогли, так как их спугнула охрана.",Четверых преступников спугнула охрана.,not_entailment,0.5148028944219861,0.19165804477535917,3.0,0.0,ambiguous
"Уголовное дело в отношении парня возбудили после того, как неравнодушные граждане пожаловались на него в полицию.",На парня завели уголовное дело.,entailment,0.5336124641554696,0.13107373499699887,4.0,1.0,hard-to-learn
"""""""Воздушные шары символизируют открытость и честность выборов, а их количество равно числу ТИКов в республике"""", - пояснил агентству поднесший спичку к чучелу, облив его перед этим жидкостью для разведения костров, правозащитник Эдвард Мурзин. Участники митинга, организованного одним из лидеров общественного движения """"Голос Уфы"""" Андреем Андреевым, прошли колонной с речевками и знаменами несколько кварталов к площади перед Русским драмтеатром. Полиция не перекрывала движение автотранспорта, поскольку колонна участников акции двигалась только по тротуарам.""",Правозащитник поджег чучело.,entailment,0.5391910885061536,0.29487176085238126,2.0,0.0,ambiguous
"Сначала все футболисты ульяновской команды прошли медицинское обследование, после чего отправились на тренировочный сбор.",Врачи проверили здоровье футболистов.,entailment,0.5396222280604499,0.2651031459371846,2.0,0.0,ambiguous
"В Ростовской области спасатели обнародовали количество жителей, которые окунулись на Крещение.",В Ростовской области подсчитали утонувших на Крещение.,not_entailment,0.5402608226452555,0.3477613657933723,4.0,1.0,ambiguous
"Кадры, на которые попали два тигра, распространились в социальных сетях Приморского края.",Два тигра распространились в социальных сетях Приморского края.,not_entailment,0.5447613043444497,0.16059494086146187,4.0,1.0,hard-to-learn
"Спустя время парень беспрепятственно открыл машину и угнал ее. Потом разобрал и продал детали. Новому владельцу вернули оставшуюся часть автомобиля, а на молодого человека завели уголовное дело.","Молодой человек разобрал машину, а затем угнал детали.",not_entailment,0.5470441239220756,0.13930958985929764,3.0,0.0,hard-to-learn
"Уголовное дело в отношении парня возбудили после того, как неравнодушные граждане пожаловались на него в полицию.",На неравнодушных граждан завели уголовное дело.,not_entailment,0.5477758347988129,0.09119575964093594,5.0,0.0,hard-to-learn
"Здесь выросли несколько куч песка и гравия, которые на легковом авто объехать не представлялось возможным.",Кучи песка и гравия перегородили дорогу машине.,entailment,0.5481439275400979,0.17288556934183588,2.0,0.0,hard-to-learn
"Как сообщает региональная прокуратура, в 2016 году обвиняемый обманным путем приобрел здание неэксплуатируемой котельной, расположенной в Автозаводском районе и находящейся на балансе администрации. После этого мошенник за 1 млн рублей продал здание своим знакомым предпринимателям, которые открыли там столовую. Покупатели не заметили подвоха, поскольку у нечистого на руку продавца были все документы.",Мошенник запасся всеми документами.,entailment,0.5524581181151527,0.2809634217501538,3.0,0.0,ambiguous
"""Полицейские возбудили уголовное дело по статье """"Кража"""" и принялись искать вора. В итоге мужчину задержали сотрудники уголовного розыска. Оказалось, что """"дальний родственник"""" ранее уже привлекался к уголовной ответственности за мошенничество.""","""Вора задержал """"дальний родственник"""".""",not_entailment,0.5528412078108106,0.18186376211531333,4.0,1.0,ambiguous
"""Миноритарий банка Алексей Навальный заявил тогда, что покупка буровых установок была совершена по завышенной цене и через офшор, собственники или бенефициары которого не известны. """"Я не понимаю, почему весь набсовет ничего не делает (чтобы расследовать сделку). Вы пособники этой кражи, потому что вы получаете деньги, чтобы защищать наши интересы"""".""",Навальный обвинил наблюдательный совет в бездействии.,entailment,0.5535332241228649,0.3167907180261819,3.0,0.0,ambiguous
"Вот только когда вечеринка завершилась, девушка обнаружила, что ее дорогой мобильный телефон пропал.","Во время вечеринки девушка обнаружила, что ее дорогой мобильный телефон исчез.",not_entailment,0.553919048181602,0.35102303474419533,4.0,1.0,ambiguous
"""Еще одно достоинство картины - это действительно высококлассные спецэффекты. После этого фильма вполне может статься, что голливудские продюсеры начнут задумываться о переносе производства в Болливуд, ведь, судя по всему, там можно делать боевики, которые в США стоят 100 миллионов, всего за 20. Возможно, такую цель и преследовали создатели """"Случайного доступа"""", потому что он действительно выглядит, как рекламный ролик.""",В Болливуде сняли фильм с качественными спецэффектами.,entailment,0.5577244886330196,0.24211306148335643,2.0,0.0,ambiguous
"Умирающая девушка успела рассказать, что ее ударил ножом их собутыльник за то, что она его оскорбила, а потом быстро убежал. Сотрудница котельной вызвала полицию и «скорую». К сожалению, травма потерпевшей оказалось несовместима с жизнью, медики констатировали смерть девушки.",Умирающая девушка оскорбила собутыльника.,not_entailment,0.5593377224036625,0.2970667632582855,4.0,1.0,ambiguous
"Четыре года назад он вышел на пенсию. Устроился на место поспокойнее - дворником в ижевскую школу. Тогда и не думал, что именно здесь он, декоратор по образованию, найдет свое призвание.",Пенсионер работал дворником.,entailment,0.5636973125594003,0.2091883388060216,3.0,0.0,ambiguous
"Медицинская помощь понадобилась не четырем, как сообщали ранее, а шести женщинам.","""""""Скорая помощь"""" потребовалась шести женщинам.""",not_entailment,0.5652019338948386,0.2382268621674681,4.0,1.0,ambiguous
"Была угроза того, что огонь перекинется на соседние дома.",Огонь мог перейти на стоящие рядом дома.,entailment,0.5657688762460437,0.2573468727328821,3.0,1.0,ambiguous
"Женщину доставили в больницу, за ее жизнь сейчас борются врачи.",Женщину спасают врачи.,entailment,0.569257778780801,0.1522950863701639,4.0,2.0,hard-to-learn
"""Возраст людей определить не смог. Их лица были закрыты капюшонами, - рассказал журналисту """"Комсомольской правды""""-Саратов один из автолюбителей, проезжавших на мосту. - Со стороны обоих городов образовалась пробка, так как прибывшие машины спасателей и полиции перегородили полосу движения.""",Люди прятали лица под капюшонами.,entailment,0.5700135614190783,0.37282938591761133,3.0,0.0,ambiguous
"Циклон уходит в океан, там растворяется.",Циклон рассеивается над океаном.,entailment,0.5747438073158264,0.2121648208225487,2.0,0.0,ambiguous
"""Чтобы мать не расстраивалась, он ей позвонил и """"успокоил"""", честно обо всем рассказав.""","Скорее всего, мать все же расстроилась.",entailment,0.5759153876985822,0.2414854646621398,3.0,0.0,ambiguous
"""Внедорожник Toyota Land с российскими номерами двигался в сторону границы, когда на него с второстепенной дороги выскочила """"Волга"""". Для джипа, ехавшего на высокой скорости, было достаточно небольшого удара, чтобы вылететь в кювет. Видимо, водитель и пассажир внедорожника были не пристегнуты, так как вылетели через лобовое окно и погибли мгновенно.""","""Водитель и пассажир """"Волги"""" вылетели через лобовое окно и погибли мгновенно.""",not_entailment,0.5768858279500689,0.21486578493697495,3.0,0.0,ambiguous
"Молюсь за обоих. Просто хочу обнять своего сына, а прав он или виноват - пусть скажет следствие. Хочется сказать всем оскорбляющим милицию: опомнитесь, милиционеры - это не безликие роботы в форме.",Кто-то оскорбил сына.,not_entailment,0.5811924721513476,0.1031558208456025,5.0,2.0,hard-to-learn
"В Нижегородской области выясняют причины крупного пожара, в результате которого сгорел дом и пострадал подросток.",В Нижегородской области сгорел подросток.,not_entailment,0.5876752606460026,0.2023918445544745,4.0,1.0,ambiguous
"В первом периоде преимущество было на стороне наших хоккеистов, однако вратарь хозяев играл безупречно.",Вратарь хозяев был на стороне наших хоккеистов.,not_entailment,0.5882834579263415,0.13414767561584218,5.0,1.0,hard-to-learn
"Как выяснилось, на ее компьютер при переходе на один из Интернет-сайтов установилось вирусное программное обеспечение.",Ее компьютер словил вирус.,entailment,0.5922279357910156,0.2571353476605256,4.0,0.0,ambiguous
"Молодого человека, который явно только-только употребил наркотическое вещество, обнаружили в подъезде одного из домов.",Молодой человек явно был под кайфом.,entailment,0.5927482843399048,0.34979053209629474,3.0,0.0,ambiguous
"Только жители региона могут по-настоящему оценивать работу губернатора, а не журналисты, считает глава Мурманской области Марина Ковтун. Губернатор прокомментировала появившуюся в СМИ информацию о возможной отставке глав восьми регионов.","Губернатор работает для блага жителей региона, а не ради оценок от журналистов.",entailment,0.5938772005694253,0.16616206007606532,4.0,0.0,hard-to-learn
"Чуть позже собралась домой и жена – но когда она шла по улице, знакомый ее догнал, ударил и изнасиловал. Свою вину злоумышленник полностью признал. Установлено, что раньше он судим не был, нигде не работает.",Знакомый изнасиловал женщину на улице.,entailment,0.5956716622625079,0.21366971973935484,4.0,1.0,ambiguous
"Но она не поверила ему, так как слышала о мошенниках.",Она засомневалась.,entailment,0.5982119526181903,0.2489644271054414,3.0,0.0,ambiguous
"Видел я его в тот вечер при задержании: спокойный, как удав, сидел в машине. Теперь дурачком решил прикинуться? В магазине было несколько покупателей, ищу очевидцев, вдруг это следствию поможет.",Ищу покупателей.,not_entailment,0.5982573117528643,0.2899039574971727,4.0,1.0,ambiguous
"С такими словами он выступил на заседании коллегии Минобороны. «Можно с уверенностью сказать: мы сегодня сильнее любого потенциального агрессора», - сказал Путин. При этом он призвал военное ведомство не расслабляться, поскольку при малейшей оплошности угроза может застать врасплох.",Путин призвал военное ведомство расслабиться.,not_entailment,0.5984265570129667,0.30445796679683707,4.0,0.0,ambiguous
"Он представился агентом московской фирмы и предложил двум женщинам высокие должности с хорошим окладом. Но за трудоустройство нужно было внести взнос. Получив требуемую сумму, он подписал фиктивные трудовые договоры с потенциальными сотрудницами и был таков.",Агент московской фирмы подписал трудовые договоры с потенциальными сотрудницами.,not_entailment,0.5985145675284522,0.28458745793866325,4.0,1.0,ambiguous
"""По мнению главного экономиста Альфа-банка Наталии Орловой, у Кудрина не получилось сделать бюджет источником экономического роста с помощью инвестиций. """"Не думаю, что это колоссальный провал, так как всегда считалось, что бюджетная политика - не самый подходящий инструмент для инвестиций"""".""",Бюджетная политика - едва ли не самый подходящий инструмент для инвестиций.,not_entailment,0.5988561596189227,0.24603109656733918,3.0,0.0,ambiguous
"Об этом «Комсомольской правде»-Красноярск сообщили в пресс-службе краевого следственного комитета. Как доказали следствие и суд, эта женщина, используя свое служебное положение, устроила на работу учителями четверых своих знакомых. Но фактически те не работали, а их зарплату снимала с карт сама директор.",Женщина совершила подлог.,entailment,0.6003485918045044,0.2641162859680384,3.0,0.0,ambiguous
"Как считают силовики, руководитель на протяжении трех месяцев не платил своим сотрудникам зарплату, различные пособия и иные выплаты, которые причитаются гражданам согласно закону.",Руководитель на протяжении трех месяцев не платил своим сотрудникам зарплату.,not_entailment,0.601898444550378,0.14084863585308577,5.0,1.0,hard-to-learn
"К спасательной операции подключились силы Национальной гвардии США и дополнительные полицейские подразделения. На грузовиках они подвезли провиант и воду в районы у восточных склонов Скалистых гор, которые в данный момент оказались полностью блокированы в результате разлива рек. Работы осложняются, так как многие дороги оказались непроходимы из-за оползней, спровоцированных разливом воды.",Национальная гвардия США пытается остановить разливы рек.,not_entailment,0.6021553735647883,0.33457020420922995,4.0,1.0,ambiguous
"Сейчас эта история готовится стать достоянием общественности. Свою проверку проводит следственный комитет. Как рассказали в пресс-службе ведомства, с поставщиками и подрядчиками руководство завода рассчитывалось.",История еще не стала достоянием общественности.,entailment,0.6032148982797351,0.32204021186632337,3.0,0.0,ambiguous
"Игроки хорошие, индивидуумы хорошие, а не сложилось. Президент предпринимала максимальные усилия, направленные на то, чтобы, найти лучшее, что есть на рынке. Мы не все могли купить, потому что бюджет клуба не всех позволял приобрести.","Президент нашла лучшее, что есть на рынке.",not_entailment,0.6068608931132725,0.2304264888675681,4.0,1.0,ambiguous
"Мужчина окунулся в бассейн, где у него прихватило сердце.",В бассейне у мужчины стало плохо с сердцем.,entailment,0.607519154037748,0.2262218682012436,4.0,0.0,ambiguous
"Они попытались остановить авто, но водитель проигнорировал их.",Они не смогли остановить машину.,entailment,0.6091087247644152,0.29466119362149545,3.0,0.0,ambiguous
"В декабре минувшего года в надзорный орган пришел мужчина, который больше года скрывался от правосудия.",Мужчина сам пришел в надзорный орган.,entailment,0.610797813960484,0.28976862438306084,3.0,0.0,ambiguous
"Сделали горку для ребятишек, каток. Но залить своими силами смогли только горку. Никто не хочет помочь нам заливать, а ведь мы стараемся сделать хоть что-то.",Залить горку своими силами не получилось.,not_entailment,0.6111574598721096,0.2588276205839488,4.0,1.0,ambiguous
"По данным следствия, в июне прошлого года в подъезде одного из домов по улице Отрадной обвиняемый избил свою бывшую супругу и сломал ей палец.",Обвиняемый сломал палец бывшей супруге.,entailment,0.6120070729936872,0.19854672381909788,5.0,1.0,ambiguous
"Девочка рассказала обо всем матери, и та заявила в полицию. Возбуждено уголовное дело. Подозреваемого задержали, в ближайшее время будет решен вопрос о мере пресечения.",Против матери возбуждено уголовное дело.,not_entailment,0.6132760133062091,0.2591296609044001,4.0,0.0,ambiguous
"Я здесь все взорву! – такую фразу часто можно услышать в захватывающих боевиках. Но вряд ли кто-то обрадуется, когда такое прозвучит от неизвестного человека в обычной жизни.","""Кто-то обрадуется, услышав фразу """"Я здесь все взорву!"""" от неизвестного человека в обычной жизни.""",not_entailment,0.6152971174035754,0.23912032693796909,3.0,0.0,ambiguous
"""Московский областной суд вынес приговор тренеру по плаванию, чей подопечный скончался после тренировки в бассейне.""",Тренировка в бассейне закончилась смертью.,entailment,0.617047152348927,0.256131868107954,4.0,0.0,ambiguous
"Во время обыска в квартире подозреваемого полицейские обнаружили нож, а также похищенную сумку. Известно, что нападавший ранее судим за кражу, угон и мошенничество, а освободился из мест лишения свободы в ноябре прошлого года. По его словам, его мучили угрызения совести, поэтому он явился к стражам порядка.",Угон явился к стражам порядка.,not_entailment,0.6180715816361564,0.2664122491266647,4.0,1.0,ambiguous
"Между тем в кредитной организации заверили, что проблемы возникли с «незначительным» числом устройств самообслуживания (УС).",В кредитной организации приуменьшили масштаб проблемы.,entailment,0.6184655427932739,0.30168487463664323,4.0,0.0,ambiguous
"Прибывшие полицейские обнаружили, что неизвестный почти не оставил следов своего пребывания в доме.",Следов неизвестного в доме было мало.,entailment,0.620559960603714,0.22752134764633145,4.0,0.0,ambiguous
"""Оно должно сохранять некоторые бренды, должно сохранять некоторые символы, из которых, опять-таки, составляется уникальность этого города, этого государства. Поэтому """"Ленфильм"""" должен быть сохранен именно как государственный центр – он может быть меньше, чем сейчас, допустим, но он может стать каким-то инкубатором, где выращивают великих режиссеров, а они потом, их ученики могут работать в разных других местах. Я думаю, что предложенный вариант не очень удачный, потому что то, как он выглядит сейчас – это обыкновенная приватизация, это новая волна приватизации.""","""""""Ленфильм"""" может стать инкубатором великих брендов.""",not_entailment,0.620833763054439,0.24266404532503963,3.0,0.0,ambiguous
"Вместе с ними пропали также юбилейные медали, памятные и нагрудные знаки, грамоты. Очень хочется надеяться, что бабушка просто забыла, куда в последний раз положила награды — и они в конце концов найдутся. Но все может быть: мало ли, награды и правда могли похитить.","Бабушка забыла, куда дела награды.",not_entailment,0.6240580592836652,0.2574178574398809,4.0,1.0,ambiguous
"Мужчина опубликовал в Интернете музыкальные записи, которые имели экстремистский подтекст.",Мужчина опубликовал музыкальные записи в Сети с экстремистским подтекстом.,not_entailment,0.6268206366470882,0.16015293015139445,6.0,1.0,hard-to-learn
"""Есть еще нерешительная пара  -  экскурсовод и повар придорожного кафе, которым достается сюжет Пиросмани про миллион алых роз. Ну, и, наконец, героиня Анны Михалковой, без промаху продолжающая найденную ранее и успешно продолженную актрисой  в """"Кококо"""" комедийную расшифровку своего таланта. В """"Любви с акцентом"""" она бесстрашно отправляется в """"отпуск по зачатию"""", потому что дома уже совсем не получается.""",Экскурсовод и повар придорожного кафе весьма решительны.,not_entailment,0.6287524700164795,0.24482100466148468,5.0,1.0,ambiguous
"""Если мы уже доходим до того, что нужно приватизировать """"Ленфильм"""", то есть уже ничего другого не осталось, что приватизировать, то дело, в общем, обстоит не очень хорошо. ""","""Приватизировать """"Ленфильм"""" нехорошо.""",entailment,0.6306805099759784,0.22330408221158576,4.0,0.0,ambiguous
"Прошу подойти ответственно к этому вопросу. Поставить галочку и забыть — не выйдет. Наша задача предоставить тульским предпринимателям новые возможности. Что губернатор сказал про медицину, читайте здесь.",Прошу поставить галочку и забыть.,not_entailment,0.6309407268251691,0.29723482422392133,5.0,1.0,ambiguous
"""""""Насколько мне известно, они мало чем отличаются от рекомендаций, которые давали специалисты из нашей страны, которые давали консультации по неврологии и нейрохирургии"""", - сообщила Моисеенко. Она, однако, уклонилась от ответа на вопрос можно ли говорить о том, что диагноз немецких врачей совпадает с диагнозом, который ранее поставили украинские медики. """"Я не могу обсуждать этот вопрос, потому что это предварительные выводы.""","Диагноз немецких врачей совпадает с диагнозом, который ранее поставили украинские медики.",not_entailment,0.6312824700559888,0.20434449170965202,3.0,0.0,ambiguous
"""""""Я просто хотела попробовать покрытие, хотела выступить на чемпионате России и провериться - у меня было мало стартов в этом сезоне. Я то болела, то ногу лечила, поэтому не могла сделать столько стартов, сколько мы планировали с тренером. Здесь я хочу просто попрыгать в удовольствие, так как норматив у меня есть"""".""","Мы с тренером планировали меньше стартов, чем я сделала в этом сезоне.",not_entailment,0.6330982233796801,0.21521715267952288,4.0,1.0,ambiguous
"Но как говорят в Брянской городской администрации, при повторной проверке проверяющие уже не нашли нарушений. - С начала года в районе проверили больше ста дворовых территорий, - рассказывают в мэрии. - Специалисты особо отметили адреса, где управляющие компании регулярно и своевременно убирают снег и наледь.",К повторной проверке управляющие компании подготовились лучше.,entailment,0.6334369778633118,0.21935316862642476,4.0,0.0,ambiguous
Далее было вынесено постановление о взыскании исполнительского сбора. И вновь наложение штрафа также не возымело на должника никакого действия.,На должника наложили штраф.,not_entailment,0.6348896324634552,0.1430213682940564,6.0,1.0,hard-to-learn
"Оказалось, злоумышленник проник в дом, пока хозяин отсутствовал — с середины декабря его не было.",Злоумышленник проник в пустой дом.,entailment,0.6350537070206234,0.24759963568766655,4.0,0.0,ambiguous
"На заседании областного Совета при губернаторе по развитию физической культуры и спорта чиновники отметили, что прошедший год был для отрасли успешным.",Прошедший год был для отрасли лучшим.,not_entailment,0.6352985756737846,0.18234831392170087,6.0,1.0,ambiguous
"Осторожнее на этом участке, водители и пешеходы! Там уже каток. Трубы не выдержали, прорвало.",Вода из прорвавшихся труб замерзла.,entailment,0.6363179555961064,0.2987635158534278,3.0,0.0,ambiguous
"Женщина сообщила, что стала жертвой обмана.",Женщина пожаловалась на жертву.,not_entailment,0.6372233309916088,0.27914698545784244,5.0,2.0,ambiguous
"Причиной этому стал звонок от неизвестного мужчины, который сообщил в полицию о нахождении в здании бомбы.",Неизвестный мужчина позвонил в полицию и сообщил о звонке.,not_entailment,0.6390241937977927,0.13448602941700355,5.0,0.0,hard-to-learn
"7 января на личной странице бизнесмена в соцсети Facebook появилось сообщение, в котором говорилось, что он намерен добиваться проведения прокурорского расследования.","Предприниматель хочет, чтобы прокурор во всем разобрался.",entailment,0.6421166147504535,0.2498743670955929,4.0,0.0,ambiguous
"Соревнования прошли в бескомпромиссной борьбе, но в этот день случилось более знаковое событие, которое затмило все остальные.",События были бескомпромиссными,not_entailment,0.6424848394734519,0.18392952049405728,5.0,1.0,ambiguous
"У женщины, которая почти два года терпела побои и унижения, сдали нервы.",Женщина многие годы терпела побои и унижения.,not_entailment,0.642868059022086,0.1140361676518233,7.0,0.0,hard-to-learn
"Снег с крыши ни разу за зиму не скидывали, и вот лавины снега начали падать, там даже ограждения вырвало, - комментирует автор фото. - Ладно, машины, а если бы это были люди… Однако мнения комментаторов разделились. Одни жалеют пострадавших автовладельцев, которые оставили свои автомобили в непосредственной близости возле дома.",Крышу не чистили всю зиму.,entailment,0.6445574355976922,0.30479119527858056,4.0,0.0,ambiguous
"Сегодня к экономии средств активно подключаются муниципальные образования, поскольку имеется республиканская поддержка.",Республика поддерживает экономию образования.,not_entailment,0.6467969119548798,0.23412441588533892,5.0,2.0,ambiguous
"""Следователи ознакомили лидера националистического движения """"Русские"""" Дмитрия Демушкина с проведенными экспертизами, одна из которых заключила, что в его прошлогоднем интервью, из-за которого было возбуждено одно из уголовных дел, отсутствует элемент разжигания межнациональной розни.""",Одно из интервью националиста не разжигало межнациональную рознь.,entailment,0.6471995711326599,0.2843892233351981,4.0,0.0,ambiguous
"Один из вернувшихся в Нидерланды из Донбасса журналистов заявил, что голландская полиция конфисковала у него и его коллеги материалы по крушению MH17. По словам Стефана Бека, правоохранители забрали не только телефон, ноутбук и камеру, но и предметы, найденные на месте падения малайзийского Boeing 777-200. Как отметил журналист, в голландской прокуратуре объяснили это тем, что сами не могут собрать подобный материал, поскольку в регионе, где произошло крушение, «слишком опасно».","Голландская полиция присвоила вещественные доказательства, собранные журналистом.",entailment,0.6476639381476811,0.3067190876227504,3.0,0.0,ambiguous
"Разозлившись, хозяин квартиры схватил нож и ударил им гостя в грудь и живот. От травм мужчина скончался на месте. Предприимчивый мужчина решил спрятать труп убитого, поэтому он его расчленил и прикрыл одеялом.",Хозяин квартиры убил гостя ножом и одеялом.,not_entailment,0.6478466263839177,0.272023599470249,4.0,0.0,ambiguous
"Вдруг раздался выстрел: водитель рухнул на снег, пролилась кровь. Раненный скончался на месте. Неизвестный, а может их было несколько, застрелил мужчину.",Водителя застрелили несколько неизвестных.,not_entailment,0.6491994474615369,0.17024229403338564,4.0,0.0,hard-to-learn
"""На вопрос, занимался ли задержанный канадский лейтенант шпионажем в пользу России, Г.Мамедов ответил, что """"не знает"""", так как """"не он возглавляет службу разведки"""". А на вопрос, кто из российских дипломатов покинул страну, российский посол и вовсе отказался отвечать. """"Я не могу свободно обсуждать эту тему, так как не хочу повлиять на ведение судебного процесса"""", - сказал он.""",Задержанный канадский лейтенант занимался шпионажем в пользу России.,not_entailment,0.6493570549147469,0.14167640539761472,7.0,0.0,hard-to-learn
"Когда внедорожник тронулся, то без труда вырвал бензоколонку с корнем.",Внедорожник поехал.,entailment,0.6496906493391309,0.28482592244425037,4.0,0.0,ambiguous
"Распространившееся пламя дошло до масляного радиатора, который взорвался. Погибли двое детей, одному из которых два года и восемь месяцев, а второму нет и года. Жители, ставшие свидетелями пожара, сначала говорили о взрыве газового баллона, так как хлопок был достаточно мощным.",Взрыв масляного радиатора был причиной пожара.,not_entailment,0.6515971549919674,0.29162088764403493,5.0,1.0,ambiguous
"Родительских прав мать не лишена. Пока. А в парадном девочка оказалась, потому что дома она мешала матери выпивать.",Пьяная мать выставила девочку в парадное.,entailment,0.6522705171789441,0.22465063159743406,5.0,0.0,ambiguous
"Мужчина сначала задушил, а потом обокрал своего знакомого.","Мужчина обокрал знакомого, а потом задушил его.",not_entailment,0.6531995194298881,0.17288016714753635,5.0,0.0,hard-to-learn
"На место происшествия тут же выехали сотрудники полиции, однако вскоре выяснилось, что что заявление ложное.",Обещанного происшествия не было.,entailment,0.6542002941880908,0.2919057162771757,4.0,0.0,ambiguous
"""""""И если через три года у меня будет шанс не только принять участие в выборах, но и выиграть, я такой возможности не исключаю"""", - отметил он. Что же касается оппозиции и активных протестов, то их бизнесмен и политик считает более непродуктивными. """"Что касается участия в протестах, я в них участия лично принимать не буду, потому что я не вижу позитивной повестки"""", - сказал он.""",Бизнесмен и политик планирует принять участие в протестах.,not_entailment,0.654826432466507,0.2702768158915807,4.0,0.0,ambiguous
"В городе Ветлуга Нижегородской области на пожаре погибла пенсионерка. По данным регионального ГУ МЧС, частный дом на улице Урицкого загорелся во втором часу ночи. Поскольку все спали, пожар заметили поздно, драгоценное время было упущено.",Все спали и не видели пожара.,entailment,0.6595368342740195,0.2735157472324976,4.0,0.0,ambiguous
"Судебные журналисты у нас были хорошо подготовлены, с хорошим языком, игравшие важную роль в развитии судебной системы. Если вы специализируетесь на земле, ничего в этом зазорного нет. Ваш вопрос крайне важен, потому что вопрос земли - это вопрос социальной справедливости.",Вы специализируетесь на земле.,not_entailment,0.6602966785430908,0.24532951284584187,5.0,1.0,ambiguous
"""""""Воздушные шары символизируют открытость и честность выборов, а их количество равно числу ТИКов в республике"""", - пояснил агентству поднесший спичку к чучелу, облив его перед этим жидкостью для разведения костров, правозащитник Эдвард Мурзин. Участники митинга, организованного одним из лидеров общественного движения """"Голос Уфы"""" Андреем Андреевым, прошли колонной с речевками и знаменами несколько кварталов к площади перед Русским драмтеатром. Полиция не перекрывала движение автотранспорта, поскольку колонна участников акции двигалась только по тротуарам.""",Честность и открытость выборов символизирует колонна с речевками.,not_entailment,0.6614665538072586,0.3163145591537203,4.0,0.0,ambiguous
"Женщина несколько дней искала пропажу, а потом обратилась в полицию.",Женщина несколько дней обращалась в полицию.,not_entailment,0.6617775814873832,0.19940739099095559,5.0,1.0,ambiguous
"Как выяснилось, женщина выпала из окна собственной квартиры.",Женщина выбросилась из окна.,not_entailment,0.661839463881084,0.30805153428672877,5.0,1.0,ambiguous
"Как сообщили в правительстве области, на ней можно будет купить товары местных производителей.",В правительстве области можно будет приобрести товары местных производителей.,not_entailment,0.6634766714913505,0.2643947500656486,5.0,1.0,ambiguous
"На него завели уголовное дело, - рассказали «Комсомольской правде»-Саратов в областной прокуратуре.",На него завели уголовное дело в «Комсомольской правде»-Саратов.,not_entailment,0.6645342111587524,0.18318196518481888,5.0,0.0,ambiguous
"""""""Решение носит символический характер, так как взыскать компенсацию практически невозможно"""", - отмечается в сообщении.""",Взыскать компенсацию не получится.,entailment,0.6648406726973397,0.2704282033939123,4.0,0.0,ambiguous
"Начало моды на такие трубки — конец правления Екатерины II (90-е годы XVIII века). Предположительно коллекция принадлежала одному из работников склада, во время пожара в 20-е или 30-е годы прошлого века ее засыпало землей. Сами вещи не пострадали, так как были закалены в печи.",При Екатерине II такие трубки засыпали землей.,not_entailment,0.6654732695647648,0.23370935554410288,5.0,1.0,ambiguous
"""""""А я никогда не был на этом телеканале, не видел его"""", - сказал """"Интерфаксу"""" Говорухин в пятницу. Также в Твиттере есть высказывания якобы от имени режиссера про изменение состава директоров """"Эха Москвы"""". """"Это тоже бред, я не мог этого заявить, потому что считаю, что это самая талантливая радиостанция, хоть я во многом с ней не согласен, на мой взгляд, она не полезна делу, которым я занимаюсь"""".""","""Говорухин не считает """"Эхо Москвы"""" талантливой радиостанцией.""",not_entailment,0.6657883312020983,0.2364701776895162,4.0,1.0,ambiguous
"В октябре ее закрывали на ремонт: в правой части центрального блока здания усилили каркас стальными канатами, укрепили и усилили фундамент, завершили восстановление поврежденной отделки.",Поврежденную отделку полностью восстановили.,entailment,0.6671049339430672,0.27725687380367664,4.0,0.0,ambiguous
"Так как у мужчины не было постоянного заработка, ему пришлось взять кредит в банке.",Мужчина взял кредит в банке.,entailment,0.6673527487686702,0.21807528588428768,4.0,0.0,ambiguous
"Я себе оправдания не ищу, но это стало толчком к моему будущему. Если бы застал измену, я бы, может, вообще по-другому поступил. Каждый человек по-своему переживает: кто-то легко прочувствовал все и забыл, кто-то болезненно.",Мне не нужны оправдания для себя.,entailment,0.6682866215705872,0.2296494726185787,4.0,0.0,ambiguous
"В ходе разбирательств выяснилось, что данное транспортное средство числится в угоне.",Транспортное средство угнали в ходе разбирательства.,not_entailment,0.6689710531915937,0.2534579965815913,4.0,1.0,ambiguous
"Как рассказывает в одной из социальных сетей очевидец происшествия, бабушка выходила из автобуса №41, когда его двери неожиданно захлопнулись, и нога пенсионерки оказалась в капкане.",Автобус №41 защемил бабушкину ногу.,entailment,0.6689897392477308,0.21885229201099524,5.0,0.0,ambiguous
"Тверские полицейские сумели по горячим следам задержать мужчину, которого подозревают в покушении на убийство.",Тверские полицейские задержали подозреваемого.,not_entailment,0.6695553021771568,0.18825534959025142,5.0,0.0,ambiguous
"В Ростове вынесли приговор хозяину продуктового магазина, который сбывал левый алкоголь, отлично зная о его сомнительном происхождении. - Являясь индивидуальным предпринимателем, приобрел в целях дальнейшего сбыта два ящика водки, не имеющей сопроводительной документации, подтверждающей ее происхождение, качество и безопасность для жизни и здоровья человека, - сообщили официальную версию в СУ СК России по Ростовской области. Но сбыть водку ему не удалось, так как вмешались сотрудники правоохранительных органов.",Сотрудники правоохранительных органов не дали ростовчанину сбыть левый алкоголь.,entailment,0.670508222920554,0.21157896136713653,5.0,0.0,ambiguous
"""""""Википедия"""" пишет, что это был период избирательной президентской кампании в России, а Макфол тогда занимался изучением избирательных технологий. Как писал один из коллег Макфола, он поначалу хотел отклонить приглашение Коржакова, который в то время входил в предвыборный штаб Ельцина. Однако приятель посоветовал ему принять приглашение, поскольку последствия отказа были бы намного хуже.""",Коржаков входил в предвыборный штаб Ельцина.,entailment,0.670972615480423,0.12833203174755822,6.0,0.0,hard-to-learn
"Обе купюры оказались поддельными. - По данным фактам проводятся проверки, - заверили в полиции. Стражи порядка также напоминают, что в случае, если к вам в руки попала фальшивая купюра, нужно сразу же обратиться в полицию.",Стражи порядка нашли фальшивую купюру.,not_entailment,0.6727145825113569,0.26921113974439304,4.0,1.0,ambiguous
"Громкое уголовное дело, обвиняемым по которому проходит высокопоставленный полицейский из Белгородской области, на днях было передано в суд.",Дело полицейского передано в суд.,entailment,0.6728332894189017,0.1667118061495424,7.0,0.0,hard-to-learn
"Он позвонил со своего мобильного на номер единой экстренной службы 112 и сообщил о заминировании «Сити – Парка «Град». Спасателям пришлось эвакуировать всех посетителей ТЦ. После рассмотрения полиция отказала в возбуждении уголовного дела, так как мальчик не достиг возраста уголовной ответственности.",Мальчик заминировал ТЦ.,not_entailment,0.6734549914087568,0.27467273623016064,5.0,1.0,ambiguous
"Он воспользовался тем, что владелец машины отлучился, оставив ключи, и решил покататься. В этот момент на заднем сидении находилась пассажирка. Преступник находился в состоянии сильного алкогольного опьянения, по этой причине и не справился с управлением.",Мужчина угнал машину вместе с пассажиркой.,entailment,0.6740600849900927,0.23110563984310822,4.0,0.0,ambiguous
"""Это просто разная аудитория. За счет того, что в """"Спорт-Экспрессе"""" много хороших журналистов, у нас газета, по большому счету,  авторская. Потому что люди читают не только информацию, они читают, как это написано.""","""""""Спорт-Экспресс"""" - преимущественно авторская газета.""",entailment,0.6748010899339404,0.20673669708433745,5.0,0.0,ambiguous
"Фотографии процесса демонтажа уже появились в социальных сетях, и, комментируя их, горожане спрашивают: что же будет построено на этом месте?",Предыдущее строение на этом месте демонтируют.,entailment,0.6767780269895282,0.28807441930984806,4.0,0.0,ambiguous
Водители грузовых автомобилей простаивают в очереди по нескольку суток из-за медленного таможенного оформления товаров в связи с недостатком кадров у таможни.,На таможне слишком мало сотрудников.,entailment,0.6773952032838549,0.2661195125191671,4.0,0.0,ambiguous
"Напомним, на него завели уголовное дело, заподозрив в халатности.",На него завели уголовное дело.,entailment,0.678969315120152,0.17312646686628164,7.0,0.0,hard-to-learn
"Удар пришелся в грудную клетку. Женщина сама вызвала мужу скорую и полицию. Мужчину госпитализировали, но медики не смогли спасти ему жизнь.",Медики вызвали полицию.,not_entailment,0.6792986180101123,0.2127904880413906,5.0,0.0,ambiguous
"""""""Но честно, объективно и по решению суда"""", - заявил Бастрыкин в интервью """"Интерфаксу"""". Отвечая на вопрос об обысках и вызове на допрос лидеров оппозиции, глава СКР подчеркнул, что они пока находятся в статусе свидетелей. """"Это совершенно нормальное состояние, потому что мы не имеем достаточных доказательств, чтобы перевести их хотя бы в статус подозреваемого либо обвиняемого"""".""","Как только появляются доказательства, свидетелей переводят в статус подозреваемых или обвиняемых.",entailment,0.67975914478302,0.22992291103201848,4.0,0.0,ambiguous
"""По словам президента, во всем мире референдумы используются достаточно редко, потому что сложна процедура их организации, а последствия референдумов зачастую могут привести к расколу общества. Но по некоторым вопросам, по его мнению, обязательно нужно узнать точку зрения большинства населения страны. """"Сделать это с использованием существующих технологий очень сложно, потому что это дорого и неэффективно"""".""","По мнению президента, по ряду вопросов обязательно нужно узнать точку зрения половины населения страны.",not_entailment,0.6799187745366778,0.2544803003989401,4.0,0.0,ambiguous
"""Сам Удальцов заявлял, что врачи действуют под давлением полицейских. """"Власти избрали тактику поддержания у меня минимального жизненного уровня. В этих условиях я вынужден продолжать голодовку, поскольку никакой вины за собой не вижу"""", - сообщил он.""",Удальцов отказывается от еды.,entailment,0.6802853792905807,0.3137689617189117,4.0,0.0,ambiguous
"Мужчина окунулся в бассейн, где у него прихватило сердце.","Когда мужчина окунался, у него остановилось сердце.",not_entailment,0.6813334482056754,0.19834324519759952,6.0,1.0,ambiguous
"По его словам, для авиакомпаний распространена рекомендация не направлять на острова туристов, поскольку их безопасность не может быть гарантирована.",Острова опасны для туристов.,entailment,0.6836456784180233,0.3198392640282575,4.0,0.0,ambiguous
"Когда мужчине стало плохо, дежурившие спасатели поспешили на помощь.",Мужчине стало плохо не из-за спасателей.,entailment,0.683697521686554,0.27804127359931147,4.0,0.0,ambiguous
"Как выяснилось, причиной аварии на станции стало обрушение крыши в районе пятой турбины: рухнувшая кровля повредила трубы газопровода, от этого и произошел взрыв.",Пятая турбина рухнула на трубы газопровода.,not_entailment,0.6848347399915967,0.22740268782356698,5.0,1.0,ambiguous
"Учащийся политехнического техникума, находясь в состоянии алкогольного опьянения, избил, а затем ограбил прохожего. В итоге потерпевший получил многочисленные ушибы и перелом носа, а также лишился пяти тысяч рублей. Как выяснилось позже, подросток, совершивший разбойное нападение, уже имел условный срок по предыдущему приговору.","Подросток оказался не просто преступником, а преступником-рецидивистом.",entailment,0.6854416557720729,0.2865515723182528,4.0,0.0,ambiguous
"Удар пришелся в грудную клетку. Женщина сама вызвала мужу скорую и полицию. Мужчину госпитализировали, но медики не смогли спасти ему жизнь.",Медики  спасли мужчине жизнь.,not_entailment,0.6856680001531329,0.1751972087466822,5.0,0.0,hard-to-learn
"Я себе оправдания не ищу, но это стало толчком к моему будущему. Если бы застал измену, я бы, может, вообще по-другому поступил. Каждый человек по-своему переживает: кто-то легко прочувствовал все и забыл, кто-то болезненно.",Мне нужны оправдания для себя.,not_entailment,0.686034483569009,0.11827821751088582,7.0,0.0,hard-to-learn
"""Были проблемы с Тверской областью при запуске """"Сапсана"""", я вам докладывал. Все пригородные поезда, которые существовали, были восстановлены. Сегодня снимаются только те пригородные поезда, которые по решению региона являются необязательными, потому что регионы сегодня должны финансировать убытки, которые возникают при использовании пригородных перевозок.""","""Запуск """"Сапсана"""" потребовал ввести новые пригородные поезда в Тверской области, и начались проблемы.""",not_entailment,0.6866338806492942,0.2445409670549263,4.0,0.0,ambiguous
"От полученных повреждений он скончался на месте. Затем пенсионерка спрятала тело. Известно, что она сейчас нигде не работает и раньше уже имела проблемы с законом.",Пенсионерка прячет уже не первый труп.,not_entailment,0.6891437641211918,0.22362159599029208,5.0,1.0,ambiguous
"""""""От своих действий я не отказываюсь, я стрелял, но, видит Бог, ничьей смерти я не хотел. Я просто хотел предотвратить нападение на меня, - сказал Черкесов. - Я ходатайствовал о суде присяжных, потому что хотел, чтобы меня судил народ"""".""","Черкесов утверждает, что не хотел ничьей смерти.",entailment,0.6897372773715428,0.15210301595271852,6.0,0.0,hard-to-learn
"Мероприятие прошло без инцидентов. По итогам акции был составлен административный протокол, так как количество участников превысило заявленное число.",Акция прошла без нарушений.,not_entailment,0.690466046333313,0.23441512334293968,6.0,1.0,ambiguous
"От полученных травм пенсионерка умерла. Затем он вышел в подъезд, стал вести себя агрессивно и стучаться в другие квартиры. Соседка потерпевшей по телефону вызвала полицейских, которые застали злоумышленника на месте преступления.",Злоумышленник нанес пенсионерке травмы в подъезде.,not_entailment,0.6904861373560769,0.25087274166982576,4.0,0.0,ambiguous
"Она сообщила, что ее сын подвергся избиениям со стороны других воспитанников. Его также облили кипятком. Мать утверждает, что в учреждении процветает дедовщина.",В учреждении процветает дедовщина.,not_entailment,0.6905062028339931,0.26741348968172374,5.0,1.0,ambiguous
"""""""Мы видели значительное количество очень посредственных команд на Чемпионате Европы во Франции, а здесь ещё почти что на треть возрастёт количество команд, которые не будут в своём составе иметь футболистов высокого международного класса», — цитирует Колоскова радиостанция «Говорит Москва». Помимо этого, возрастёт нагрузка «на выдающихся футболистов, которых в мире единицы», считает эксперт. Это произойдет, так как новый регламент значительно сокращает перерывы между играми в финальном турнире.""",Новый регламент немного уменьшает перерывы между играми в финальном турнире.,not_entailment,0.6906380866255079,0.22321844823608947,4.0,0.0,ambiguous
"По его словам, после ухода с поста президента он пока не собирается занимать какие-нибудь государственные должности, будет проводить больше времени с семьёй, но и насовсем уходить из политики тоже не намерен.","Бывший президент намерен уйти из политики насовсем, чтобы больше времени проводить с семьей.",not_entailment,0.6911577880382538,0.2128465734362247,5.0,1.0,ambiguous
"И в одном из местных магазинов силовики наткнулись на контрафактную водку, на которой были поддельные акцизные марки.",Акцизные марки подделывали водку.,not_entailment,0.6919829079083034,0.10109309052682348,7.0,0.0,hard-to-learn
"То снегом запорошит, то на улицах появятся сказочные герои.","Случаются и снежная пороша, и явления сказочных персонажей.",entailment,0.6927627878529685,0.25937291432732834,4.0,0.0,ambiguous
"Обнаруженные предметы направлены для проведения экспертизы. Если эксперты признают их культурными ценностями, то в отношении гражданина будет возбуждено административное дело по факту недекларирования. Поскольку для ввоза их пассажир был бы обязан заполнить декларацию на товары с указанием перемещаемых через границу раритетов.",Обнаружены задекларированные предметы.,not_entailment,0.6933633493525642,0.333430888889599,4.0,0.0,ambiguous
"Как сообщает пресс-служба городской администрации, ремонтная бригада производит замену задвижки в камере, принадлежащей «Т Плюс» в районе стадиона «Динамо».","""Как минимум одна из камер в районе стадиона """"Динамо"""" принадлежит """"Т Плюс"""".""",entailment,0.694492233651025,0.21885606897961593,5.0,0.0,ambiguous
"Женщине он заявил, что якобы с ней хотели расправиться некие криминальные авторитеты, но он решил с ними все вопросы. За это просил вознаграждение. Женщина обратилась в полицию, и сотрудники уголовного розыска установили личность вымогателя.",С женщиной хотели расправиться некие криминальные авторитеты.,not_entailment,0.6945202222892216,0.26309936483789,4.0,0.0,ambiguous
"У троих участников драки диагностированы различные травмы. Что интересно, в полиции все они заявили, что претензий друг к другу не имеют.",Участники драки заявили друг на друга в полицию.,not_entailment,0.6950601083891732,0.20915503671159724,5.0,1.0,ambiguous
"Парни, как выяснилось, ушли из дома во Владимирской области, не поставив в известность родителей.",Парни ушли из дома без спроса.,entailment,0.6955160796642303,0.3097513122480229,4.0,0.0,ambiguous
"Михаил Федорович предупредил, что на дорогах очень скользко. Так что, отправляясь в гости, сапоги на «шпильках» и «лабутены» лучше взять с собой, а до гостей добираться в устойчивой обуви. Можно взять с собой в дорогу и праздничные свечки и бенгальские огни, потому что видимость будет плохой — мощная облачность накроет всю область, и придется встречать праздник при свете фонарей и салютов, а не ярких новогодних звезд.","""В сапогах на """"шпильках"""" и """"лабутенах"""" на дорогах будет не так скользко.""",not_entailment,0.6958640217781067,0.20400585014425027,6.0,1.0,ambiguous
"История мужчины не нова - сел за руль в пьяном виде, был остановлен полицией, лишен водительских прав и оштрафован, - штраф в установленное время не заплатил.",Пьяный водитель опоздал с выплатой штрафа.,entailment,0.6978287356240409,0.33628515352463045,4.0,0.0,ambiguous
"Назначена судебно-медицинская экспертиза. По результатам проверки будет ясно, возбуждать ли уголовное дело. Также в ведомстве отметили, что это не первый случай, когда в квартире случился пожар.",Уголовное дело еще не возбуждено.,entailment,0.6985230978046145,0.33257673353565104,4.0,0.0,ambiguous
"В одной из комнат он нашел икону, которую забрал с собой, чтобы продать.",Он искал в комнате икону.,not_entailment,0.6985394997256142,0.15107374981138502,6.0,1.0,hard-to-learn
"""Отвечая на вопрос, Горан сказал, что в ходе проверки не использовались фотографии, сделанные экс-омбудсменом Ниной Карпачевой, поскольку они """"добыты не в установленном порядке"""". Также, по словам представителя ГПУ, не принималось во внимание экспертное заключение, предоставленное Карпачевой: """"Нельзя говорить, что это официальный какой-то документ, поскольку он составлен не уполномоченными на это специалистами"""".""",Экспертное заключение - это не официальный документ.,not_entailment,0.6985952769007001,0.1376274795930405,7.0,0.0,hard-to-learn
"Директор супермаркета Томи Салонен обещает убрать фото воришки с календаря, если он придет к нему покаяться. По его словам, метод оказался действенным, так как в небольшом городке изображение нечистого на руку соседа легко опознают. Салонен говорит, что избрал такой способ борьбы с воровством, поскольку полиция не всегда может помочь при мелких кражах.",Томи Салонен ждет новых фотографий от воришек.,not_entailment,0.7004287072590419,0.20911107922441977,6.0,1.0,ambiguous
"Сыграло ли это событие роль в решении обвиняемого начать работать на иностранную разведку, пока не известно. Рассмотрение дела Дивенни по существу начнется 12 декабря. Поскольку речь идет о секретных материалах, часть процесса будет проходить в закрытом режиме.",Дивенни мог работать на иностранную разведку.,entailment,0.7016490357262748,0.2646124663966522,4.0,0.0,ambiguous
"Многочисленные коробки с бутылками выносят с торговых точек, разоблачая разные преступления. В отдельных случаях, продавцы попадаются на том, что у товара – поддельные акцизы. Бывает, что сама продукция является явно небезопасной.",Коробки с бутылками разоблачают преступления.,not_entailment,0.7020590347903115,0.27117655558680576,4.0,0.0,ambiguous
"Сельский врач предложил ей таблетки, но она попросила сделать ей инъекцию антибиотика. Со слов доктора, он убедился, что в ампуле действительно антибиотик, и сделал укол. Самочувствие женщины резко ухудшилось, и она умерла.","Сельский врач предложил ей таблетки, но она предпочла умереть.",not_entailment,0.7060038958277021,0.22658611813527463,4.0,0.0,ambiguous
"По предварительным данным, смерть наступила в результате отравления продуктами горения, а причиной возгорания явилось неосторожное обращение с огнем во время курения в состоянии алкогольного опьянения, - говорится в сообщении.",В результате пожара погибло шесть человек.,not_entailment,0.7061569477830615,0.15571612433792037,6.0,0.0,hard-to-learn
"Хозяйка, услышав шум, проснулась и спугнула вора.","Хозяйка проснулась, чтобы спугнуть вора.",not_entailment,0.7063169436795371,0.20232536555789346,6.0,1.0,ambiguous
Учредителем центра стала Государственная канцелярия.,Государственная канцелярия выступила перед учредителем.,not_entailment,0.7064859739371708,0.19168879469828248,5.0,1.0,ambiguous
"""""""После инцидента 15 августа 2011 г. ко мне приезжал молодой человек со стороны Агафонова, он требовал видеозапись с камер наблюдения"""", - рассказал он. По его словам, угрожавший обещал """"всем устроить, так как побили хорошего человека"""". """"Я отказал, так как это могут требовать только правоохранительные органы"""", - сообщил Береговой.""",Береговой не отдал запись молодому человеку.,entailment,0.7071858218738011,0.3046217650510358,4.0,0.0,ambiguous
"""""""Их невозможно привлечь к ответственности, но это именно так"""", - заявил Медведев во вторник на встрече с активом регионального отделения партии """"Единая Россия"""". """"Это должно остаться в анналах нашей истории, чтобы никогда этого не повторилось. Потому что война со своим народом это тягчайшее преступление"""", - добавил он.""",Медведев считает войну со своим народом преступной.,entailment,0.7073231211730412,0.27424322160608783,4.0,0.0,ambiguous
"Всего существует две теории. Так, дело может быть в психологическом эффекте. Якобы люди, посещающие больницу, чаще задумываются о здоровье и следят за собой.",Теорий существует множество.,not_entailment,0.7074088283947536,0.16807964529444624,6.0,1.0,hard-to-learn
"Он присутствовал на мероприятии не в качестве гостя, а выступил в роли циркового артиста.","Он приехал не гостить, а выступать.",entailment,0.7076806809220996,0.3095778448255079,4.0,0.0,ambiguous
"Суд установил, что каждый из подсудимых, действуя в сговоре с другими, выполнял отведенную ему роль в группе.",Подсудимые действовали сообща.,entailment,0.7083100719111306,0.32395975296460033,4.0,0.0,ambiguous
"Деревянный черенок от метлы стал причиной преступления, которое унесло жизнь пенсионера.",Черенок от метлы унес жизнь пенсионера.,not_entailment,0.7083316189902169,0.2545140817425966,5.0,1.0,ambiguous
"""В сеть выложили ролик, как маршрутка улетела в сугроб, уходя от столкновения с легковушкой.""",Маршрутка столкнулась с легковушкой в сугробе.,not_entailment,0.7090325568403516,0.20382691440158343,6.0,1.0,ambiguous
"""""""Я надеюсь, они услышат. Это касается премий, доходов.... Нужно понимать, в какой стране мы живем, и не раздражать людей"""", - подчеркнул президент. Позже он добавил: """"То, что пресса """"пощипывает"""" представителей крупного бизнеса и чиновников - это хорошо"""".""","""Президент расстроен, что пресса """"пощипывает"""" чиновников и представителей крупного бизнеса.""",not_entailment,0.7095174746853965,0.2190254510504803,5.0,0.0,ambiguous
"В Сомали в прошлом году было потрачено 120 млн. долларов, и мы кормили  более 1 млн. человек, так как там происходили и конфликты, и стихийные бедствия.",Мы ездили в Сомали в прошлом году.,not_entailment,0.710003239767892,0.20320803649131663,5.0,1.0,ambiguous
На Ура_губу в этом году приехало 15 человек.,На Ура_губу в следующем году приедет 15 человек.,not_entailment,0.7106419120516095,0.18664084318895616,6.0,1.0,ambiguous
"Модельер не явился за заседание суда, чтобы избежать встречи с журналистами и не попасть в объективы камер. Адвокаты обвиняемого ранее заявили о том, что Гальяно потерял над собой контроль из-за злоупотребления алкоголем и поэтому нагрубил посетителям. Один из адвокатов сказал, что его подзащитный не помнит, что происходило в баре, так как он был болен.","Гальяно не помнит, что происходило в баре.",not_entailment,0.7109547640596118,0.22250640316265533,6.0,1.0,ambiguous
"Пациентов Детского хосписа 29 декабря ждал настоящий сюрприз – фонд супругов Кержаковых «Звезды Детям» организовал визит народного артиста России Михаила Боярского. - В детстве учился я плохо. Мои родители буквально жили в школе, потому что их постоянно вызывала учительница.",Фонд Кержаковых определил Боярского в Детский хоспис.,not_entailment,0.711181776864188,0.1522250848495456,6.0,1.0,hard-to-learn
"""""""И это не огульное заявление, а информация, основанная на адекватных научных исследованиях. Но это не значит, что мы снимаем контроль, наоборот. Мы продолжаем наблюдения и усиливаем эту работу, поскольку это может проявиться через несколько лет"""", - сообщил тогда врач.""",Врач пообещал снять наблюдение.,not_entailment,0.7114260665008,0.2171473917010244,6.0,1.0,ambiguous
"Он выпил с хозяином, вышел во двор, увидел велосипед и стащил его. Вскоре мужчину задержали. - Велосипед стоил пять тысяч рублей, поэтому нанесенный ущерб был признан значительным.",Он вышел во двор и украл выпивку.,not_entailment,0.7115254955632346,0.19784559686583814,6.0,1.0,ambiguous
"""Эта реплика пришлась не по душе экс-министру финансов Алексею Кудрину, который сказал журналистам, что """"это отношение к протесту неверное, я с таким отношением не согласен, потому что сотни тысяч людей не вышли бы (на митинги за деньги - ИФ)"""". Впрочем, сам В.Путин, несмотря на возросшую политическую активность бывшего соратника по правительству, по-прежнему считает его другом и членом своей команды, которому еще найдется место в строю. В общем и целом, по словам премьера, протесты в рамках закона полезны, потому что не дают чиновникам расслабиться (""""потому что власть далеко не всегда правильно себя ведет и адекватно отвечает на вызовы времени""""), но уклон в сторону """"цветных революций"""" недопустим (""""позволить себя втянуть в какие-то схемы по дестабилизации общества, вот это, мне кажется, неправильно"""").""",Кудрину реплика понравилась.,not_entailment,0.7131255396774837,0.20402156998111892,6.0,1.0,ambiguous
"""""""Знакомы ли Вы со своими новыми коллегами – Никитиным, Яблонским, Аветисяном?"""" - """"Да, со всем директорами мы пообщались, и, на мой взгляд, мы очень хорошо друг друга дополняем. Я вам честно скажу, что я бы не смог собрать команду лучше, потому что это тот случай, когда достоинства одних покрывают недостатки других"""".""",У каждого из директоров есть недостатки.,entailment,0.7135884123189109,0.21439743694615987,5.0,0.0,ambiguous
"Когда силовики стали досматривать автомобиль, то обнаружили в нем подозрительный пакет с порошком внутри, который был отправлен на экспертизу.",Автомобиль был отправлен на экспертизу.,not_entailment,0.7137837324823652,0.19817152644293556,5.0,0.0,ambiguous
"Разговорившись с одноклассницей, мужчина узнал, что та хотела бы перебраться поближе к морю.",Одноклассница мечтала жить у моря.,entailment,0.714045545884541,0.23499084780594043,4.0,0.0,ambiguous
"""""""Я попросил их продолжать работу и не снижать темпов, крайне противно было"""", — посетовал глава президентской администрации. """"Ну, терпел. Я не подавал виду, потому что я понимал, что если я начну подавать вид, это приведет к настороженности и попытке замести следы"""", — добавил он.""","Глава президентской администрации признался, что ему было крайне противно не снижать темпов.",not_entailment,0.7141011953353882,0.23769007558250654,5.0,0.0,ambiguous
"Женщину доставили в больницу, за ее жизнь сейчас борются врачи.",Женщину спасли врачи.,not_entailment,0.7145708756787437,0.16580523891672297,6.0,0.0,hard-to-learn
"Он прогулялся между рядов, затем схватил с полки бутылку недорогого коньяка.",Он пришел погулять между рядов.,not_entailment,0.7147469690867833,0.22400470287079874,6.0,1.0,ambiguous
"Бывшие банкиры находятся в международном розыске. Адвокаты А.Бородина обжаловали это решение в кассационную и надзорную инстанцию. Решения были подтверждены, а в порядке надзора не рассмотрены, поскольку для этого не нашлось оснований.",Бывших банкиров объявили в международный розыск.,entailment,0.7151236704417637,0.25820972871149084,4.0,0.0,ambiguous
"По данным следствия, в июне прошлого года в подъезде одного из домов по улице Отрадной обвиняемый избил свою бывшую супругу и сломал ей палец.",Обвиняемый сломал руку бывшей супруге.,not_entailment,0.716858663729259,0.183000962836276,6.0,1.0,ambiguous
"Внутри помещение имеет эксклюзивный дизайн. На ценных породах дерева вырезаны русалки, корабли, космос. Добавляют антураж и скелеты с открытой пастью, которые, кажется, вот-вот нападут.",Скелеты добавляют дизайна.,not_entailment,0.7172213452202933,0.1860797120735499,6.0,1.0,ambiguous
"Сначала зрители могут наблюдать картину, как посреди комнаты маленькая девочка играет со своими игрушками, а за ее действиями наблюдает кукла.",Сначала зрителям показывают картину.,not_entailment,0.7179776770727975,0.20721887195344046,6.0,1.0,ambiguous
"Трагедия произошла из-за того, что водитель машины забыл закрыть дверь.",Водитель машины не закрыл дверь.,entailment,0.7180256119796208,0.3030313054131067,4.0,0.0,ambiguous
"""Как отмечается в сообщении, данная информация опубликована на странице """"Обращение за визой США"""", а также при входе в консульский отдел посольства. Как ранее разъяснили в посольстве США, при обращении за визой на сайте  заявители видят объявление, в котором говорится: """"Пожалуйста, примите во внимание: не разрешается проносить (а) электронные устройства (за исключением мобильного телефона, размеры которого не превышают 3см X 13см Х 6см); (б) предметы, которые могут быть использованы как оружие; (с) большие сумки, включая портфели, рюкзаки, чемоданы, спортивные сумки и т.п. Поскольку сотрудники посольства не принимают на хранение такие предметы, их владельцам может быть запрещен вход в здание Посольства"""".""",В Посольство США с планшетом не пройдешь.,entailment,0.7186445891857147,0.29244380867271896,4.0,0.0,ambiguous
"12 декабря междуреченский городской суд вынес приговор за четыре мошенничества с чужими квартирами, которые совершил 32-летний мужчина.",32-летний мужчина мошенничал на рынке жилья.,entailment,0.7188169360160828,0.2835848757488245,4.0,0.0,ambiguous
"""17:50. В толпе машут букетиками белых цветов. 17:48. Теперь из кузова фургона выступает Андрей Нечаев, защитник Белого дома и министр в кабинете Егора Гайдара. """"Мы сами отдали свободу, потому что расслабились"""", - признает он.""",У Андрея Нечаева был букет из белых цветов.,not_entailment,0.7189846975462777,0.18544812572485564,7.0,0.0,ambiguous
"Я здесь все взорву! – такую фразу часто можно услышать в захватывающих боевиках. Но вряд ли кто-то обрадуется, когда такое прозвучит от неизвестного человека в обычной жизни.","""В боевиках нередко угрожают """"все здесь взорвать"""".""",entailment,0.7190775999001094,0.24592038727660293,4.0,0.0,ambiguous
"Поскольку предприятие добровольно погасить свою задолженность не спешило, пристав наложил запрет на регистрационные действия в отношении недвижимости фирмы.",Пристав нашел выход из ситуации.,entailment,0.7193960164274488,0.27530983726416924,4.0,0.0,ambiguous
"Региональный главк полиции сообщает, что закон не соблюдали в павильоне, расположенном на улице Революционной в областном центре.",В павильоне соблюдали закон.,not_entailment,0.719572765486581,0.18286781613363237,6.0,1.0,ambiguous
"Вместе с ними пропали также юбилейные медали, памятные и нагрудные знаки, грамоты. Очень хочется надеяться, что бабушка просто забыла, куда в последний раз положила награды — и они в конце концов найдутся. Но все может быть: мало ли, награды и правда могли похитить.",Бабушка не может найти награды.,entailment,0.7209527620247432,0.1956334118052874,5.0,0.0,ambiguous
"На коробках с пекинской капустой и яблоками находилась маркировка, указывающая страну происхождения - Польшу. Согласно этикеткам, наклеенным на коробки с грушами, продукция поступила из Гвинеи и пересекла границу Республики Беларусь, что является нарушением.",Этикетки на коробке с грушами подтвердили законность транспортировки.,not_entailment,0.7218657646860395,0.1616360240843612,7.0,0.0,hard-to-learn
"Она сообщила об этом двум своим приятелям. Они изучили распорядок дня бизнесмена и напали на него на улице. Злоумышленники вывезли его за пределы города, отобрали деньги, убили.",Бизнесмена убили за пределами города.,entailment,0.7221040342535291,0.2190462864395817,5.0,0.0,ambiguous
"""Выйдя за территорию митинга, я с удивлением обнаружил, что, несмотря на то, что начался он всего 40 минут назад, многие уже расходятся - поток людей уверенно двигался вдоль Кутузовского проспекта в сторону станции """"Парк Победы"""", которая, к слову, была до завершения мероприятия закрыта на вход. Впечатлениями от митинга пришедшие делились неохотно. Одна женщина с георгиевской ленточкой сообщила, что ей все понравилось, поскольку """"был чай"""".""",Народ с митинга уверенно расходился.,entailment,0.7222186752728054,0.22892875532375193,5.0,0.0,ambiguous
"Пострадавшая оценила ущерб в три тысячи рублей. Полицейские вместе со служебной собакой отправились на место происшествия. Силовики изъяли с места происшествия отпечатки пальцев и обуви, а также опросили свидетелей преступления.",Ущерб оценен в 3000 рублей.,entailment,0.722858360835484,0.19328361633251098,7.0,0.0,ambiguous
"Третий месяц зимы тоже не готовит особых климатических сюрпризов. Среднемесячная температура и количество осадков будет соответствовать традиционным для нашего региона значениям. Весна ожидается ранней, но может продлиться дольше обычного.",Весна продлится дольше обычного.,not_entailment,0.7236546277999878,0.2040828155267151,5.0,1.0,ambiguous
"С тех пор мужчина пытается вернуть свои деньги. Он обратился в банк с заявлением о проведенных без его разрешения операциях и возврате денежных средств, однако банк ему денег не вернул, ссылаясь на то, что он нарушил условия договора и сообщил свой пин-код третьим лицам. Поскольку денежные сбережения были застрахованы, мужчина обратился в страховую компанию, но и там ему отказали.",У мужчины увели деньги со счета.,entailment,0.7240205790315356,0.30227757118031684,4.0,0.0,ambiguous
"Женщина сообщила, что стала жертвой обмана.","Жертва обмана сообщила, что стала женщиной.",not_entailment,0.7249225548335484,0.25352758296802524,5.0,0.0,ambiguous
"Сейчас самарские льготники (многодетные семьи, ветераны, малоимущие и прочие социально незащищенные граждане) получают единовременную денежную выплату не зависимо от того, сколько денег они тратят на коммунальные услуги и оплачивают ли они их.","Многодетные семьи, ветераны и малоимущие социально не защищены.",entailment,0.7250237762928009,0.27588027170600377,4.0,0.0,ambiguous
"Со страницы его друга в социальной сети пришло сообщение с просьбой перевести пять тысяч рублей. Отзывчивый приятель выполнил просьбу, а потом перезвонил, чтобы поинтересоваться, как дела у попавшего в беду. Тот заверил, что понятия не имеет, о каких деньгах идёт речь.",Отзывчивый приятель получил пять тысяч рублей.,not_entailment,0.7250851818493435,0.21343167892658735,6.0,1.0,ambiguous
"Врачи диагностировали у мужчины перелом плеча и травму тела, которые оцениваются как вред здоровью средней тяжести.",У мужчины сломано плечо.,entailment,0.7251654182161603,0.2659857902944761,5.0,0.0,ambiguous
"В четверг, 29 декабря, Черемушкинский суд Москвы принял решение об аресте 17-летнего парня, которого обвиняют в убийстве своего 10-летнего брата . Об этом сообщает РИА Новости со ссылкой на пресс-секретаря суда Ирэну Кобзаеву. Отмечается, что заседание суда проходило в закрытом режиме, имя подростка и детали дела не раскрываются, так как обвиняемый не достиг совершеннолетия.",Парень мог убить брата.,entailment,0.7257451500211444,0.2784081441493823,4.0,0.0,ambiguous
"Напомним, в нем приняли участие сразу пять команд из Мурманской Лиги.",В Мурманской Лиге пять команд.,not_entailment,0.725890747138432,0.1410453594391876,7.0,0.0,hard-to-learn
"Однако через полчаса правоохранители задержали его. Мужчина признал вину. Рассказал, что зашел в квартиру, потому что она была открыта.","Возможно, квартира действительно была открыта.",entailment,0.725917032786778,0.25423004167779384,4.0,0.0,ambiguous
"С новогодней красавицы уже сняли звезду и игрушки, а также начали демонтировать низ искусственного дерева.",Новогоднюю красавицу раздели.,entailment,0.7260748744010925,0.27131563219609167,4.0,0.0,ambiguous
"Как сообщил источник в правоохранительных органах, начальник полиции уже подал рапорт о своем увольнении.",Источник сообщил о местонахождении начальника полиции.,not_entailment,0.7263470377240863,0.275831050412375,6.0,1.0,ambiguous
"""""""Ласточки"""" засыпает снегом, они ржавеют и гниют, но в какой-то мере это правильное решение.""","""""""Ласточки"""" гниют от снега.""",not_entailment,0.7263748305184501,0.23189014311186498,5.0,1.0,ambiguous
"Он предложил знакомому помочь устроить его сына в вуз за кругленькую сумму, но все оказалось обманом.",Он обманул знакомого.,entailment,0.7276909393923623,0.23376290443791334,5.0,0.0,ambiguous
"Догадки стражей порядка подтвердились. Как выяснилось, вор продал украденное. Свою вину он отрицать не стал и даже указал, кому он сбыл аппарат.","Вор продал аппарат и сказал, кому.",entailment,0.7282322134290423,0.25859710103314537,4.0,0.0,ambiguous
"В решении суда отмечается, что действия журналистки вызвали «негодование и возмущение» в обществе.",Решение суда касалось оценки действий общества журналисткой.,not_entailment,0.728602681841169,0.20645442014561718,6.0,1.0,ambiguous
"Вероятно, злоумышленник взял вещи, которые лежали ближе всего к открытой входной двери.","Несомненно, злоумышленник взял именно те вещи, которые лежали ближе всего к открытой входной двери.",not_entailment,0.7294518947601318,0.19364619849431616,5.0,0.0,ambiguous
"Это будет первый опыт. И, думаю, он будет успешным. Впоследствии постараемся, чтобы этот объект был передан собственнику, который сможет его отреставрировать и использовать по назначению.",Объект был передан собственнику.,not_entailment,0.7302174610751015,0.213068558466058,6.0,1.0,ambiguous
"По традиции мы отмечаем их в семейном кругу. Желаем родным и близким людям счастья. Провожая уходящий год, каждый из нас вспоминает его яркие моменты, надеется на добрые перемены и мечтает о будущем.",Каждый из нас мечтает о будущем в семейном кругу.,not_entailment,0.7309491889817374,0.23833035094050486,6.0,1.0,ambiguous
"Любишь рыбку ловить, люби и штрафы платить.",Рыбная ловля может стать причиной штрафа.,entailment,0.7325885593891144,0.25518419297563555,4.0,0.0,ambiguous
"В Нижегородской области выясняют причины крупного пожара, в результате которого сгорел дом и пострадал подросток.",В Нижегородской области пострадал подросток.,entailment,0.7329938837460109,0.14715989087478928,7.0,0.0,hard-to-learn
